Item,Position,Primaries,Primary_Amounts,Crafts,Chain
Brown_Mushroom,Primary,_,_,Mushroom_Stew,0
Spider_Eye,Primary,_,_,Fermented_Spider_Eye,0
Blaze_Rod,Primary,_,_,End_Rod,0
Cobblestone,Primary,_,_,Stone_Pickaxe,0
Glass,Primary,_,_,Daylight_Detector,0
Melon_Slice,Primary,_,_,Melon_Seeds,0
Nether_Quartz,Primary,_,_,Observer,0
Pointed_Dripstone,Primary,_,_,Dripstone_Block,0
Dried_Kelp,Primary,_,_,Dried_Kelp_Block,0
Nether_Brick,Primary,_,_,Nether_Brick_Fence,0
Gravel,Primary,_,_,Coarse_Dirt,0
Sand,Primary,_,_,Sandstone,0
Nautilus_Shell,Primary,_,_,Conduit,0
Popped_Chorus_Fruit,Primary,_,_,End_Rod,0
Stone,Primary,_,_,Redstone_Repeater,0
Prismarine_Shard,Primary,_,_,Prismarine_Bricks,0
Nether_Wart,Primary,_,_,Red_Nether_Bricks,0
End_Stone,Primary,_,_,End_Stone_Bricks,0
Terracotta,Primary,_,_,Stained_Terracotta,0
Smooth_Red_Sandstone,Primary,_,_,Smooth_Red_Sandstone_Slab,0
Smooth_Quartz_Block,Primary,_,_,Smooth_Quartz_Slab,0
Carved_Pumpkin,Primary,_,_,Jack_o'Lantern,0
Red_Sand,Primary,_,_,Red_Sandstone,0
Prismarine_Crystals,Primary,_,_,Sea_Lantern,0
Bamboo,Primary,_,_,Stick,0
String,Primary,_,_,Lead,0
Smooth_Sandstone,Primary,_,_,Smooth_Sandstone_Stairs,0
Stripped_Oak_Log,Primary,_,_,Hanging_Sign,0
Moss_Block,Primary,_,_,Moss_Carpet,0
Snowball,Primary,_,_,Snow_Block,0
Smooth_Stone,Primary,_,_,Blast_Furnace,0
Ice,Primary,_,_,Packed_Ice,0
Raw_Iron,Primary,_,_,Block_of_Raw_Iron,0
Raw_Gold,Primary,_,_,Block_of_Raw_Gold,0
Basalt,Primary,_,_,Polished_Basalt,0
Cut_Copper_Slab,Primary,_,_,Waxed_Cut_Copper_Slab,0
Honeycomb,Primary,_,_,Honeycomb_Block,0
Cut_Copper,Primary,_,_,Waxed_Cut_Copper,0
Oak_Planks,Primary,_,_,Oak_Boat,0
Bamboo_Mosaic,Primary,_,_,Bamboo_Mosaic_Slab,0
Cut_Copper_Stairs,Primary,_,_,Waxed_Cut_Copper_Stairs,0
Raw_Copper,Primary,_,_,Block_of_Raw_Copper,0
Blackstone,Primary,_,_,Blackstone_Wall,0
Polished_Blackstone,Primary,_,_,Polished_Blackstone_Pressure_Plate,0
Amethyst_Shard,Primary,_,_,Spyglass,0
Cobbled_Deepslate,Primary,_,_,Cobbled_Deepslate_Wall,0
Coal,Primary,_,_,Block_of_Coal,0
Copper_Ingot,Primary,_,_,Spyglass,0
Diamond,Primary,_,_,Jukebox,0
Emerald,Primary,_,_,Block_of_Emerald,0
Lapis_Lazuli,Primary,_,_,Blue_Dye,0
Oak_Log,Primary,_,_,Soul_Campfire,0
Prismarine,Primary,_,_,Prismarine_Wall,0
Red_Sandstone_Slab,Primary,_,_,Chiseled_Red_Sandstone,0
Sandstone_Slab,Primary,_,_,Chiseled_Sandstone,0
Tuff_Slab,Primary,_,_,Chiseled_Tuff,0
Tuff_Brick_Slab,Primary,_,_,Chiseled_Tuff_Bricks,0
Dirt,Primary,_,_,Coarse_Dirt,0
Brick,Primary,_,_,Flower_Pot,0
Feather,Primary,_,_,Brush,0
Flint,Primary,_,_,Flint_and_Steel,0
Breeze_Rod,Primary,_,_,Wind_Charge,0
Turtle_Scute,Primary,_,_,Turtle_Shell,0
Glowstone_Dust,Primary,_,_,Spectral_Arrow,0
Mud,Primary,_,_,Muddy_Mangrove_Roots,0
Mangrove_Roots,Primary,_,_,Muddy_Mangrove_Roots,0
White_Stained_Glass,Primary,_,_,Stained_Glass_Pane,0
Ghast_Tear,Primary,_,_,End_Crystal,0
Crying_Obsidian,Primary,_,_,Respawn_Anchor,0
Glowstone,Primary,_,_,Redstone_Lamp,0
Oak_Slab,Primary,_,_,Lectern,0
Charcoal,Primary,_,_,Campfire,0
Obsidian,Primary,_,_,Beacon,0
Shulker_Shell,Primary,_,_,Shulker_Box,0
Glow_Ink_Sac,Primary,_,_,Glow_Item_Frame,0
Soul_Soil,Primary,_,_,Soul_Campfire,0
Beetroot,Primary,_,_,Beetroot_Soup,0
Cocoa_Beans,Primary,_,_,Brown_Dye,0
Egg,Primary,_,_,Pumpkin_Pie,0
Milk_Bucket,Primary,_,_,Cake,0
Oxeye_Daisy,Primary,_,_,Flower_Charge_Banner_Pattern,0
Red_Mushroom,Primary,_,_,Mushroom_Stew,0
Apple,Primary,_,_,Golden_Apple,0
Baked_Potato,Primary,_,_,Rabbit_Stew,0
Carrot,Primary,_,_,Carrot_on_a_Stick,0
Cooked_Rabbit,Primary,_,_,Rabbit_Stew,0
Pumpkin,Primary,_,_,Pumpkin_Seeds,0
Rose_Bush,Primary,_,_,Red_Dye,0
Sunflower,Primary,_,_,Yellow_Dye,0
Lilac,Primary,_,_,Magenta_Dye,0
Green_Dye,Primary,_,_,Lime_Dye,0
Pitcher_Plant,Primary,_,_,Cyan_Dye,0
Rabbit_Hide,Primary,_,_,Leather,0
Peony,Primary,_,_,Pink_Dye,0
Ink_Sac,Primary,_,_,Book_and_Quill,0
Netherite_Scrap,Primary,_,_,Netherite_Ingot,0
Gunpowder,Primary,_,_,TNT,0
Magnesium,Primary,_,_,Sparkler,0
Sugar_Cane,Primary,_,_,Paper,0
Armadillo_Scute,Primary,_,_,Wolf_Armor,0
Ender_Pearl,Primary,_,_,Eye_of_Ender,0
Sculk_Sensor,Primary,_,_,Calibrated_Sculk_Sensor,0
Warped_Fungus,Primary,_,_,Warped_Fungus_on_a_Stick,0
Echo_Shard,Primary,_,_,Recovery_Compass,0
Fermented_Spider_Eye,Final,Brown_Mushroom;Spider_Eye;Glass;Honey_Block,1.0;1.0;1.333;0.333,_,
4
Cauldron,Final,Iron_Ingot,7.0,_,
1
Brewing_Stand,Final,Blaze_Rod;Cobblestone,1.0;2.0,_,
1
Glass_Bottle,Intermediate,Glass,1.0,Honey_Bottle,1
Blaze_Powder,Intermediate,Blaze_Rod,0.5,Magma_Cream;Eye_of_Ender;Fire_Charge,1
Magma_Cream,Intermediate,Blaze_Rod;Slimeball,0.5;1.0,Magma_Block,2
Glistering_Melon_Slice,Final,Gold_Ingot;Melon_Slice,0.889;1.0,_,
2
Polished_Diorite_Slab,Final,Cobblestone;Nether_Quartz,0.5;0.5,_,
3
Deepslate_Tiles,Intermediate,Cobbled_Deepslate,1.0,Deepslate_Tile_Stairs;Deepslate_Tile_Slab;Deepslate_Tile_Wall,3
Stone_Brick_Stairs,Final,Stone,1.5,_,
2
Diorite,Intermediate,Cobblestone;Nether_Quartz,1.0;1.0,Diorite_Slab;Polished_Diorite;Andesite;Granite;Diorite_Wall;Diorite_Stairs,1
Diorite_Slab,Final,Cobblestone;Nether_Quartz,0.5;0.5,_,
2
Diorite_Stairs,Final,Cobblestone;Nether_Quartz,1.5;1.5,_,
2
Stone_Brick_Slab,Intermediate,Stone,0.5,Chiseled_Stone_Bricks,2
Dripstone_Block,Final,Pointed_Dripstone,4.0,_,
1
Nether_Brick_Stairs,Final,Nether_Brick,6.0,_,
2
Nether_Brick_Slab,Intermediate,Nether_Brick,2.0,Chiseled_Nether_Bricks,2
Mud_Bricks,Intermediate,Mud;Wheat,1.0;1.0,Mud_Brick_Stairs;Mud_Brick_Wall;Mud_Brick_Slab,2
Mud_Brick_Wall,Final,Mud;Wheat,1.0;1.0,_,
3
End_Stone_Brick_Slab,Final,End_Stone,0.5,_,
2
End_Stone_Brick_Stairs,Final,End_Stone,1.5,_,
2
Dried_Kelp_Block,Final,Dried_Kelp,9.0,_,
1
Nether_Bricks,Intermediate,Nether_Brick,4.0,Nether_Brick_Slab;Nether_Brick_Wall;Nether_Brick_Stairs;Nether_Brick_Fence,1
Deepslate_Tile_Stairs,Final,Cobbled_Deepslate,1.5,_,
4
Deepslate_Tile_Slab,Final,Cobbled_Deepslate,0.5,_,
4
Concrete_Powder,Final,Gravel;Sand;Bone_Meal,4.0;4.0;1.0,_,
2
Conduit,Final,Nautilus_Shell,8.0,_,
1
Purpur_Block,Intermediate,Popped_Chorus_Fruit,1.0,Purpur_Slab;Purpur_Stairs,1
Purpur_Pillar,Final,Popped_Chorus_Fruit,0.667,_,
3
Stone_Stairs,Final,Stone,1.5,_,
1
Cut_Red_Sandstone,Intermediate,Red_Sand,4.0,Cut_Red_Sandstone_Slab,2
Cut_Red_Sandstone_Slab,Final,Red_Sand,2.0,_,
3
Cut_Sandstone,Intermediate,Sand,4.0,Cut_Sandstone_Slab,2
Cut_Sandstone_Slab,Final,Sand,2.0,_,
3
Stone_Slab,Intermediate,Stone,0.5,Grindstone,1
Sandstone,Intermediate,Sand,4.0,Sandstone_Stairs;Sandstone_Wall;Cut_Sandstone,1
Dark_Prismarine,Intermediate,Ink_Sac;Prismarine_Shard,1.0;8.0,Dark_Prismarine_Slab;Dark_Prismarine_Stairs,2
Dark_Prismarine_Slab,Final,Ink_Sac;Prismarine_Shard,0.5;4.0,_,
3
Dark_Prismarine_Stairs,Final,Ink_Sac;Prismarine_Shard,1.5;12.0,_,
3
Purpur_Slab,Intermediate,Popped_Chorus_Fruit,0.333,Purpur_Pillar,2
Deepslate_Brick_Slab,Final,Cobbled_Deepslate,0.5,_,
3
Deepslate_Brick_Stairs,Final,Cobbled_Deepslate,1.5,_,
3
Nether_Wart_Block,Final,Nether_Wart,9.0,_,
1
Deepslate_Bricks,Intermediate,Cobbled_Deepslate,1.0,Deepslate_Tiles;Deepslate_Brick_Stairs;Deepslate_Brick_Slab;Deepslate_Brick_Wall,2
Mud_Brick_Stairs,Final,Mud;Wheat,1.5;1.5,_,
3
End_Stone_Bricks,Intermediate,End_Stone,1.0,End_Stone_Brick_Slab;End_Stone_Brick_Stairs;End_Stone_Brick_Wall,1
Mud_Brick_Slab,Final,Mud;Wheat,0.5;0.5,_,
3
Stained_Terracotta,Final,Terracotta;Bone_Meal,1.0;0.125,_,
2
Smooth_Red_Sandstone_Stairs,Final,Smooth_Red_Sandstone,1.5,_,
1
Smooth_Red_Sandstone_Slab,Final,Smooth_Red_Sandstone,0.5,_,
1
Quartz_Pillar,Final,Nether_Quartz,4.0,_,
2
Quartz_Slab,Intermediate,Nether_Quartz,2.0,Chiseled_Quartz_Block,2
Quartz_Stairs,Final,Nether_Quartz,3.0,_,
2
Smooth_Quartz_Stairs,Final,Smooth_Quartz_Block,1.5,_,
1
Smooth_Quartz_Slab,Final,Smooth_Quartz_Block,0.5,_,
1
Magma_Block,Final,Blaze_Rod;Slimeball,2.0;4.0,_,
3
Red_Nether_Brick_Slab,Final,Nether_Brick;Nether_Wart,1.0;1.0,_,
2
Red_Nether_Brick_Stairs,Final,Nether_Brick;Nether_Wart,3.0;3.0,_,
2
Jack_o'Lantern,Final,Carved_Pumpkin;Bamboo,1.0;0.5,_,
3
Red_Nether_Bricks,Intermediate,Nether_Brick;Nether_Wart,2.0;2.0,Red_Nether_Brick_Slab;Red_Nether_Brick_Wall;Red_Nether_Brick_Stairs,1
Red_Sandstone,Intermediate,Red_Sand,4.0,Cut_Red_Sandstone;Red_Sandstone_Stairs;Red_Sandstone_Wall,1
Sea_Lantern,Final,Prismarine_Crystals;Prismarine_Shard,5.0;4.0,_,
1
Scaffolding,Final,Bamboo;String,1.0;0.167,_,
1
Red_Sandstone_Stairs,Final,Red_Sand,6.0,_,
2
Sandstone_Stairs,Final,Sand,6.0,_,
2
Hay_Bale,Intermediate,Wheat,9.0,Wheat;Target,1
Quartz_Bricks,Final,Nether_Quartz,4.0,_,
2
Purpur_Stairs,Final,Popped_Chorus_Fruit,0.75,_,
2
Smooth_Sandstone_Slab,Final,Smooth_Sandstone,0.5,_,
1
Stripped_Wood,Final,Stripped_Oak_Log,1.333,_,
1
Polished_Diorite,Intermediate,Cobblestone;Nether_Quartz,1.0;1.0,Polished_Diorite_Slab;Polished_Diorite_Stairs,2
Stained_Glass,Final,Glass;Bone_Meal,1.0;0.125,_,
2
Mossy_Stone_Bricks,Intermediate,Moss_Block;Stone,1.0;1.0,Mossy_Stone_Brick_Stairs;Mossy_Stone_Brick_Slab;Mossy_Stone_Brick_Wall,2
Mossy_Stone_Brick_Stairs,Final,Moss_Block;Stone,1.5;1.5,_,
3
Mossy_Stone_Brick_Slab,Final,Moss_Block;Stone,0.5;0.5,_,
3
Mossy_Cobblestone_Stairs,Final,Cobblestone;Moss_Block,1.5;1.5,_,
2
Snow_Block,Final,Snowball,4.0,_,
1
Smooth_Stone_Slab,Intermediate,Smooth_Stone,0.5,Armor_Stand,1
Smooth_Sandstone_Stairs,Final,Smooth_Sandstone,1.5,_,
1
Mossy_Cobblestone,Intermediate,Cobblestone;Moss_Block,1.0;1.0,Mossy_Cobblestone_Slab;Mossy_Cobblestone_Wall;Mossy_Cobblestone_Stairs,1
Granite,Intermediate,Cobblestone;Nether_Quartz,1.0;1.0,Polished_Granite;Granite_Wall;Granite_Stairs;Granite_Slab,2
Granite_Slab,Final,Cobblestone;Nether_Quartz,0.5;0.5,_,
3
Granite_Stairs,Final,Cobblestone;Nether_Quartz,1.5;1.5,_,
3
Mossy_Cobblestone_Slab,Final,Cobblestone;Moss_Block,0.5;0.5,_,
2
Packed_Ice,Intermediate,Ice,9.0,Blue_Ice,1
Stone_Bricks,Intermediate,Stone,1.0,Stone_Brick_Wall;Stone_Brick_Slab;Stone_Brick_Stairs;Mossy_Stone_Bricks,1
Cobblestone_Slab,Final,Cobblestone,0.5,_,
1
Block_of_Raw_Iron,Final,Raw_Iron,9.0,_,
1
Cobblestone_Stairs,Final,Cobblestone,1.5,_,
1
White_Wool,Intermediate,String,4.0,Bed;Carpet;Banner;Painting,1
Polished_Blackstone_Brick_Stairs,Final,Polished_Blackstone,1.5,_,
2
Blue_Ice,Final,Ice,81.0,_,
2
Polished_Blackstone_Brick_Slab,Final,Polished_Blackstone,0.5,_,
2
Bone_Block,Intermediate,Bone_Meal,9.0,Bone_Meal,1
Block_of_Raw_Gold,Final,Raw_Gold,9.0,_,
1
Polished_Basalt,Final,Basalt,1.0,_,
1
Waxed_Cut_Copper_Slab,Final,Cut_Copper_Slab;Honeycomb,1.0;1.0,_,
1
Waxed_Cut_Copper,Final,Cut_Copper;Honeycomb,1.0;1.0,_,
1
Bookshelf,Intermediate,Rabbit_Hide;Sugar_Cane;Oak_Planks,12.0;9.0;6.0,Lectern,3
Bamboo_Mosaic_Stairs,Final,Bamboo_Mosaic,1.5,_,
1
Waxed_Block_of_Copper,Final,Copper_Ingot;Honeycomb,9.0;1.0,_,
2
Polished_Andesite_Stairs,Final,Cobblestone;Nether_Quartz,1.5;1.5,_,
4
Brick_Slab,Final,Brick,2.0,_,
2
Waxed_Cut_Copper_Stairs,Final,Cut_Copper_Stairs;Honeycomb,1.0;1.0,_,
1
Block_of_Raw_Copper,Final,Raw_Copper,9.0,_,
1
Block_of_Quartz,Intermediate,Nether_Quartz,4.0,Quartz_Pillar;Quartz_Stairs;Quartz_Slab;Quartz_Bricks,1
Block_of_Netherite,Final,Netherite_Ingot,9.0,_,
1
Blackstone_Slab,Final,Blackstone,0.5,_,
1
Blackstone_Stairs,Final,Blackstone,1.5,_,
1
Polished_Diorite_Stairs,Final,Cobblestone;Nether_Quartz,1.5;1.5,_,
3
Polished_Blackstone_Bricks,Intermediate,Polished_Blackstone,1.0,Polished_Blackstone_Brick_Slab;Polished_Blackstone_Brick_Stairs;Polished_Blackstone_Brick_Wall,1
Polished_Blackstone_Slab,Intermediate,Polished_Blackstone,0.5,Chiseled_Polished_Blackstone,1
Block_of_Amethyst,Final,Amethyst_Shard,4.0,_,
1
Polished_Blackstone_Stairs,Final,Polished_Blackstone,1.5,_,
1
Wooden_Slab,Final,Oak_Planks,0.5,_,
1
Polished_Deepslate,Intermediate,Cobbled_Deepslate,1.0,Polished_Deepslate_Stairs;Polished_Deepslate_Slab;Deepslate_Bricks;Polished_Deepslate_Wall,1
Block_of_Coal,Final,Coal,9.0,_,
1
Block_of_Copper,Intermediate,Copper_Ingot,9.0,Waxed_Block_of_Copper,1
Block_of_Diamond,Final,Diamond,9.0,_,
1
Block_of_Emerald,Final,Emerald,9.0,_,
1
Block_of_Gold,Intermediate,Gold_Ingot,9.0,Gold_Ingot,1
Block_of_Iron,Intermediate,Iron_Ingot,9.0,Anvil;Iron_Ingot,1
Block_of_Lapis_Lazuli,Final,Lapis_Lazuli,9.0,_,
1
Wood,Final,Oak_Log,1.333,_,
1
Brick_Stairs,Final,Brick,6.0,_,
2
Bamboo_Mosaic_Slab,Final,Bamboo_Mosaic,0.5,_,
1
Prismarine_Slab,Final,Prismarine,0.5,_,
1
Prismarine_Stairs,Final,Prismarine,1.5,_,
1
Chain,Intermediate,Iron_Ingot,1.0,Hanging_Sign,2
Chiseled_Deepslate,Final,Cobbled_Deepslate,1.0,_,
2
Chiseled_Nether_Bricks,Final,Nether_Brick,4.0,_,
3
Chiseled_Polished_Blackstone,Final,Polished_Blackstone,1.0,_,
2
Chiseled_Quartz_Block,Final,Nether_Quartz,4.0,_,
3
Chiseled_Red_Sandstone,Final,Red_Sandstone_Slab,2.0,_,
1
Chiseled_Sandstone,Final,Sandstone_Slab,2.0,_,
1
Chiseled_Stone_Bricks,Intermediate,Stone,1.0,Lodestone,3
Chiseled_Tuff,Final,Tuff_Slab,2.0,_,
1
Chiseled_Tuff_Bricks,Final,Tuff_Brick_Slab,2.0,_,
1
Andesite_Stairs,Final,Cobblestone;Nether_Quartz,1.5;1.5,_,
3
Coarse_Dirt,Final,Dirt;Gravel,0.5;0.5,_,
1
Cobbled_Deepslate_Slab,Intermediate,Cobbled_Deepslate,0.5,Chiseled_Deepslate,1
Cobbled_Deepslate_Stairs,Final,Cobbled_Deepslate,1.5,_,
1
Andesite_Slab,Final,Cobblestone;Nether_Quartz,0.5;0.5,_,
3
Andesite,Intermediate,Cobblestone;Nether_Quartz,1.0;1.0,Andesite_Stairs;Andesite_Slab;Polished_Andesite;Andesite_Wall,2
Polished_Andesite_Slab,Final,Cobblestone;Nether_Quartz,0.5;0.5,_,
4
Carpet,Final,String,2.667,_,
2
Polished_Granite,Intermediate,Cobblestone;Nether_Quartz,1.0;1.0,Polished_Granite_Slab;Polished_Granite_Stairs,3
Prismarine_Bricks,Intermediate,Prismarine_Shard,9.0,Prismarine_Brick_Stairs;Prismarine_Brick_Slab,1
Bricks,Intermediate,Brick,4.0,Brick_Wall;Brick_Stairs;Brick_Slab,1
Prismarine_Brick_Stairs,Final,Prismarine_Shard,13.5,_,
2
Prismarine_Brick_Slab,Final,Prismarine_Shard,4.5,_,
2
Polished_Andesite,Intermediate,Cobblestone;Nether_Quartz,1.0;1.0,Polished_Andesite_Stairs;Polished_Andesite_Slab,3
Wooden_Stairs,Final,Oak_Planks,1.5,_,
1
Polished_Granite_Stairs,Final,Cobblestone;Nether_Quartz,1.5;1.5,_,
4
Polished_Granite_Slab,Final,Cobblestone;Nether_Quartz,0.5;0.5,_,
4
Polished_Deepslate_Stairs,Final,Cobbled_Deepslate,1.5,_,
2
Polished_Deepslate_Slab,Final,Cobbled_Deepslate,0.5,_,
2
Tinted_Glass,Final,Amethyst_Shard;Glass,2.0;0.5,_,
1
Arrow,Intermediate,Feather;Flint;Bamboo,0.25;0.25;0.5,Tipped_Arrow;Spectral_Arrow,2
Leather_Tunic,Final,Rabbit_Hide,32.0,_,
2
Mace,Final,Breeze_Rod,1.0,_,
1
Leather_Boots,Final,Rabbit_Hide,16.0,_,
2
Leather_Cap,Final,Rabbit_Hide,20.0,_,
2
Shield,Intermediate,Iron_Ingot;Oak_Planks,1.0;5.0,Ominous_Shield,1
Iron_Helmet,Final,Iron_Ingot,5.0,_,
1
Leather_Pants,Final,Rabbit_Hide,28.0,_,
2
Iron_Boots,Final,Iron_Ingot,4.0,_,
1
Iron_Chestplate,Final,Iron_Ingot,8.0,_,
1
Iron_Leggings,Final,Iron_Ingot,7.0,_,
1
Wind_Charge,Final,Breeze_Rod,0.25,_,
1
Tipped_Arrow,Final,Feather;Flint;Bamboo,0.25;0.25;0.5,_,
3
Diamond_Leggings,Final,Diamond,7.0,_,
1
Diamond_Sword,Final,Diamond;Bamboo,2.0;2.0,_,
2
Diamond_Boots,Final,Diamond,4.0,_,
1
Swords,Final,Oak_Planks;Bamboo,2.0;2.0,_,
2
Turtle_Shell,Final,Turtle_Scute,5.0,_,
1
Crossbow,Final,Iron_Ingot;Bamboo;String;Oak_Planks,1.0;6.0;2.0;0.5,_,
3
Diamond_Chestplate,Final,Diamond,8.0,_,
1
Bow,Intermediate,Bamboo;String,6.0;3.0,Dispenser,2
Golden_Boots,Final,Gold_Ingot,4.0,_,
1
Golden_Chestplate,Final,Gold_Ingot,8.0,_,
1
Ominous_Shield,Final,Iron_Ingot;Oak_Planks,1.0;5.0,_,
2
Golden_Helmet,Final,Gold_Ingot,5.0,_,
1
Golden_Leggings,Final,Gold_Ingot,7.0,_,
1
Spectral_Arrow,Final,Feather;Flint;Bamboo;Glowstone_Dust,0.125;0.125;0.25;2.0,_,
3
Diamond_Helmet,Final,Diamond,5.0,_,
1
Painting,Final,Bamboo;String,16.0;4.0,_,
2
Polished_Deepslate_Wall,Final,Cobbled_Deepslate,1.0,_,
2
Packed_Mud,Intermediate,Mud;Wheat,1.0;1.0,Mud_Bricks,1
Prismarine_Wall,Final,Prismarine,1.0,_,
1
Polished_Blackstone_Brick_Wall,Final,Polished_Blackstone,1.0,_,
2
Loom,Final,Oak_Planks;String,2.0;2.0,_,
1
Moss_Carpet,Final,Moss_Block,0.667,_,
1
Red_Nether_Brick_Wall,Final,Nether_Brick;Nether_Wart,2.0;2.0,_,
2
Nether_Brick_Wall,Final,Nether_Brick,4.0,_,
2
Nether_Brick_Fence,Final,Nether_Brick,2.667,_,
2
Muddy_Mangrove_Roots,Final,Mangrove_Roots;Mud,1.0;1.0,_,
1
Mossy_Stone_Brick_Wall,Final,Moss_Block;Stone,1.0;1.0,_,
3
Mossy_Cobblestone_Wall,Final,Cobblestone;Moss_Block,1.0;1.0,_,
2
Polished_Blackstone_Wall,Final,Polished_Blackstone,1.0,_,
1
Lodestone,Final,Stone;Netherite_Ingot,8.0;1.0,_,
4
Red_Sandstone_Wall,Final,Red_Sand,4.0,_,
2
Stained_Glass_Pane,Final,White_Stained_Glass,0.375,_,
1
Sandstone_Wall,Final,Sand,4.0,_,
2
End_Crystal,Final,Blaze_Rod;Ender_Pearl;Ghast_Tear;Glass,0.5;1.0;1.0;7.0,_,
3
Blackstone_Wall,Final,Blackstone,1.0,_,
1
Anvil,Final,Iron_Ingot,27.0,_,
2
Dyed_Shulker_Box,Final,Oak_Planks;Shulker_Shell;Bone_Meal,8.0;2.0;1.0,_,
2
Dyed_Candle,Final,Honeycomb;String;Bone_Meal,1.0;1.0;1.0,_,
2
Respawn_Anchor,Final,Crying_Obsidian;Glowstone,6.0;3.0,_,
1
Diorite_Wall,Final,Cobblestone;Nether_Quartz,1.0;1.0,_,
2
Deepslate_Tile_Wall,Final,Cobbled_Deepslate,1.0,_,
4
Deepslate_Brick_Wall,Final,Cobbled_Deepslate,1.0,_,
3
Stone_Brick_Wall,Final,Stone,1.0,_,
2
Crafting_Table,Final,Oak_Planks,4.0,_,
1
Armor_Stand,Final,Smooth_Stone;Bamboo,0.5;12.0,_,
2
Banner,Final,Bamboo;String,2.0;24.0,_,
2
End_Rod,Final,Blaze_Rod;Popped_Chorus_Fruit,0.25;0.25,_,
1
Stonecutter,Final,Iron_Ingot;Stone,1.0;3.0,_,
1
Cobbled_Deepslate_Wall,Final,Cobbled_Deepslate,1.0,_,
1
Barrel,Final,Oak_Planks;Oak_Slab,5.0;2.0,_,
1
Chest,Intermediate,Oak_Planks,8.0,Shulker_Box;Minecart_with_Chest;Trapped_Chest;Hopper;Boat_with_Chest,1
Cartography_Table,Final,Oak_Planks;Sugar_Cane,4.0;2.0,_,
2
Candle,Intermediate,Honeycomb;String,1.0;1.0,Dyed_Candle,1
Campfire,Final,Charcoal;Oak_Log;Bamboo,1.0;2.0;6.0,_,
2
Torch,Intermediate,Bamboo,0.5,Jack_o'Lantern;Lantern,2
Trapped_Chest,Final,Oak_Planks;Iron_Ingot;Bamboo,8.0;0.5;1.0,_,
3
Brick_Wall,Final,Brick,4.0,_,
2
Bed,Final,Oak_Planks;String,3.0;12.0,_,
2
Beehive,Final,Honeycomb;Oak_Planks,3.0;5.0,_,
1
Blast_Furnace,Final,Cobblestone;Iron_Ingot;Smooth_Stone,4.0;5.0;3.0,_,
2
Cobblestone_Wall,Final,Cobblestone,1.0,_,
1
End_Stone_Brick_Wall,Final,End_Stone,1.0,_,
2
Enchanting_Table,Final,Rabbit_Hide;Sugar_Cane;Diamond;Obsidian,4.0;3.0;2.0;4.0,_,
3
Shulker_Box,Intermediate,Oak_Planks;Shulker_Shell,8.0;2.0,Dyed_Shulker_Box,2
Sign,Final,Oak_Planks;Bamboo,2.0;0.667,_,
2
Lantern,Final,Iron_Ingot;Bamboo,0.889;0.5,_,
3
Ladder,Final,Bamboo,4.667,_,
2
Jukebox,Final,Diamond;Oak_Planks,1.0;8.0,_,
1
Item_Frame,Intermediate,Rabbit_Hide;Bamboo,4.0;16.0,Glow_Item_Frame,2
Slime_Block,Intermediate,Slimeball,9.0,Slimeball,1
Smithing_Table,Final,Iron_Ingot;Oak_Planks,2.0;4.0,_,
1
Andesite_Wall,Final,Cobblestone;Nether_Quartz,1.0;1.0,_,
3
Smoker,Final,Cobblestone;Oak_Log,4.0;3.0,_,
2
Iron_Bars,Final,Iron_Ingot,0.375,_,
1
Honeycomb_Block,Final,Honeycomb,4.0,_,
1
Ender_Chest,Final,Blaze_Rod;Ender_Pearl;Obsidian,0.5;1.0;8.0,_,
3
Honey_Block,Primary,_,_,_,
0
Hanging_Sign,Final,Iron_Ingot;Stripped_Oak_Log,2.0;6.0,_,
3
Wooden_Fence,Final,Oak_Planks;Bamboo,1.333;1.333,_,
2
Flower_Pot,Final,Brick,3.0,_,
1
Soul_Torch,Intermediate,Bamboo,0.5,Soul_Lantern,2
Granite_Wall,Final,Cobblestone;Nether_Quartz,1.0;1.0,_,
3
Soul_Lantern,Final,Iron_Ingot;Bamboo,0.889;0.5,_,
3
Fletching_Table,Final,Flint;Oak_Planks,2.0;4.0,_,
1
Glow_Item_Frame,Final,Glow_Ink_Sac;Rabbit_Hide;Bamboo,1.0;4.0;16.0,_,
3
Glass_Pane,Final,Glass,0.375,_,
1
Furnace,Intermediate,Cobblestone,4.0,Blast_Furnace;Minecart_with_Furnace;Smoker,1
Grindstone,Final,Oak_Planks;Bamboo;Stone,2.0;4.0;0.5,_,
2
Soul_Campfire,Final,Oak_Log;Soul_Soil;Bamboo,3.0;1.0;6.0,_,
2
Beetroot_Soup,Final,Beetroot;Oak_Planks,6.0;0.75,_,
2
Bread,Final,Wheat,3.0,_,
1
Cookie,Final,Cocoa_Beans;Wheat,0.125;0.25,_,
1
Cake,Final,Egg;Milk_Bucket;Glass;Honey_Block;Wheat,1.0;3.0;2.667;0.667;3.0,_,
4
Suspicious_Stew,Final,Oak_Planks;Brown_Mushroom;Oxeye_Daisy;Red_Mushroom,0.75;1.0;1.0;1.0,_,
2
Golden_Apple,Final,Apple;Gold_Ingot,1.0;8.0,_,
1
Rabbit_Stew,Final,Baked_Potato;Oak_Planks;Carrot;Cooked_Rabbit,1.0;0.75;1.0;1.0,_,
2
Golden_Carrot,Final,Carrot;Gold_Ingot,1.0;0.889,_,
2
Pumpkin_Pie,Final,Egg;Pumpkin;Glass;Honey_Block,1.0;1.0;1.333;0.333,_,
4
Mushroom_Stew,Final,Oak_Planks;Brown_Mushroom;Red_Mushroom,0.75;1.0;1.0,_,
2
Honey_Bottle,Intermediate,Glass;Honey_Block,4.0;1.0,Honey_Block;Sugar,2
Stick,Intermediate,Bamboo,2.0,Fishing_Rod;Soul_Campfire;Wooden_Axe;Ladder;Stone_Hoe;Painting;Tripwire_Hook;Redstone_Torch;Lever;Stone_Pickaxe;Torch;Item_Frame;Pickaxe;Hoe;Powered_Rail;Armor_Stand;Axe;Grindstone;Shovel;Arrow;Soul_Torch;Diamond_Sword;Activator_Rail;Brush;Fence_Gate;Stone_Shovel;Campfire;Wooden_Fence;Sign;Bow;Swords;Sparkler;Banner;Rail;Crossbow,1
White_Dye,Intermediate,Bone_Meal,1.0,Stained_Glass;Lime_Dye;Dyed_Shulker_Box;Stained_Terracotta;Gray_Dye;Dyed_Candle;Light_Gray_Dye;Concrete_Powder;Light_Blue_Dye,1
Wheat,Primary,_,_,_,
0
Sugar,Intermediate,Glass;Honey_Block,1.333;0.333,Cake;Pumpkin_Pie;Fermented_Spider_Eye,3
Pumpkin_Seeds,Final,Pumpkin,0.25,_,
1
Purple_Dye,Final,Lapis_Lazuli;Rose_Bush,1.0;0.5,_,
2
Red_Dye,Intermediate,Rose_Bush,0.5,Orange_Dye;Purple_Dye,1
Light_Gray_Dye,Final,Ink_Sac;Bone_Meal,1.0;2.0,_,
2
Yellow_Dye,Intermediate,Sunflower,0.5,Orange_Dye,1
Bone_Meal,Primary,_,_,_,
0
Magenta_Dye,Final,Lilac,0.5,_,
1
Lime_Dye,Final,Green_Dye;Bone_Meal,1.0;1.0,_,
2
Gray_Dye,Final,Ink_Sac;Bone_Meal,1.0;1.0,_,
2
Cyan_Dye,Final,Pitcher_Plant,0.5,_,
1
Brown_Dye,Final,Cocoa_Beans,1.0,_,
1
Iron_Ingot,Primary,_,_,_,
0
Iron_Nugget,Intermediate,Iron_Ingot,0.111,Soul_Lantern;Chain;Lantern,1
Light_Blue_Dye,Final,Lapis_Lazuli;Bone_Meal,1.0;1.0,_,
2
Bowl,Intermediate,Oak_Planks,0.75,Mushroom_Stew;Rabbit_Stew;Beetroot_Soup;Suspicious_Stew,1
Melon_Seeds,Final,Melon_Slice,1.0,_,
1
Leather,Intermediate,Rabbit_Hide,4.0,Leather_Pants;Item_Frame;Leather_Horse_Armor;Leather_Boots;Leather_Cap;Bundle;Book;Leather_Tunic,1
Blue_Dye,Intermediate,Lapis_Lazuli,1.0,Light_Blue_Dye;Purple_Dye,1
Pink_Dye,Final,Peony,0.5,_,
1
Orange_Dye,Final,Rose_Bush;Sunflower,0.5;0.5,_,
2
Black_Dye,Intermediate,Ink_Sac,1.0,Gray_Dye;Light_Gray_Dye;Dark_Prismarine,1
Gold_Ingot,Primary,_,_,_,
0
Netherite_Ingot,Primary,_,_,_,
0
Gold_Nugget,Intermediate,Gold_Ingot,0.111,Glistering_Melon_Slice;Golden_Carrot,1
Fire_Charge,Final,Blaze_Rod;Gunpowder,0.5;1.0,_,
2
Slimeball,Primary,_,_,_,
0
Skull_Charge_Banner_Pattern,Final,Sugar_Cane,1.0,_,
2
Firework_Rocket,Final,Gunpowder;Sugar_Cane,1.0;1.0,_,
2
Sparkler,Final,Magnesium;Bamboo,1.0;2.0,_,
2
Firework_Star,Final,Gunpowder,1.0,_,
1
Flower_Charge_Banner_Pattern,Final,Oxeye_Daisy;Sugar_Cane,1.0;1.0,_,
2
Thing_Banner_Pattern,Final,Sugar_Cane,1.0,_,
2
Leather_Horse_Armor,Final,Rabbit_Hide,28.0,_,
2
Beacon,Final,Glass;Obsidian,5.0;3.0,_,
1
Paper,Intermediate,Sugar_Cane,1.0,Skull_Charge_Banner_Pattern;Thing_Banner_Pattern;Flower_Charge_Banner_Pattern;Creeper_Charge_Banner_Pattern;Empty_Map;Cartography_Table;Book;Firework_Rocket,1
Wolf_Armor,Final,Armadillo_Scute,6.0,_,
1
Creeper_Charge_Banner_Pattern,Final,Sugar_Cane,1.0,_,
2
Book,Intermediate,Rabbit_Hide;Sugar_Cane,4.0;3.0,Bookshelf;Book_and_Quill;Enchanting_Table,2
Book_and_Quill,Final,Rabbit_Hide;Sugar_Cane;Feather;Ink_Sac,4.0;3.0;1.0;1.0,_,
3
Eye_of_Ender,Intermediate,Blaze_Rod;Ender_Pearl,0.5;1.0,Ender_Chest;End_Crystal,2
Empty_Map,Final,Iron_Ingot;Redstone_Dust;Sugar_Cane,4.0;1.0;8.0,_,
2
Composter,Final,Oak_Slab,7.0,_,
1
Stone_Button,Final,Stone,1.0,_,
1
Wooden_Trapdoor,Final,Oak_Planks,3.0,_,
1
Dropper,Final,Cobblestone;Redstone_Dust,7.0;1.0,_,
1
Wooden_Pressure_Plate,Final,Oak_Planks,2.0,_,
1
Calibrated_Sculk_Sensor,Final,Amethyst_Shard;Sculk_Sensor,3.0;1.0,_,
1
Wooden_Door,Final,Oak_Planks,2.0,_,
1
Sticky_Piston,Final,Cobblestone;Iron_Ingot;Oak_Planks;Redstone_Dust;Slimeball,4.0;1.0;3.0;1.0;1.0,_,
2
Dispenser,Final,Bamboo;String;Cobblestone;Redstone_Dust,6.0;3.0;7.0;1.0,_,
3
Wooden_Button,Final,Oak_Planks,1.0,_,
1
Stone_Pressure_Plate,Intermediate,Stone,2.0,Detector_Rail,1
TNT,Intermediate,Gunpowder,5.0,Minecart_with_TNT,1
Target,Final,Wheat;Redstone_Dust,9.0;4.0,_,
2
Daylight_Detector,Final,Glass;Nether_Quartz;Oak_Slab,3.0;3.0;3.0,_,
1
Tripwire_Hook,Intermediate,Iron_Ingot;Oak_Planks;Bamboo,0.5;0.5;1.0,Trapped_Chest;Crossbow,2
Block_of_Redstone,Intermediate,Redstone_Dust,9.0,Redstone_Dust,1
Polished_Blackstone_Button,Final,Polished_Blackstone,1.0,_,
1
Redstone_Torch,Intermediate,Redstone_Dust;Bamboo,1.0;2.0,Redstone_Comparator;Redstone_Repeater;Activator_Rail,2
Lightning_Rod,Final,Copper_Ingot,3.0,_,
1
Light_Weighted_Pressure_Plate,Final,Gold_Ingot,2.0,_,
1
Redstone_Comparator,Final,Nether_Quartz;Redstone_Dust;Bamboo;Stone,1.0;3.0;6.0;3.0,_,
3
Redstone_Dust,Primary,_,_,_,
0
Redstone_Lamp,Final,Glowstone;Redstone_Dust,1.0;4.0,_,
1
Fence_Gate,Final,Oak_Planks;Bamboo,2.0;8.0,_,
2
Observer,Final,Cobblestone;Nether_Quartz;Redstone_Dust,6.0;1.0;2.0,_,
1
Redstone_Repeater,Final,Redstone_Dust;Bamboo;Stone,2.0;4.0;3.0,_,
3
Lever,Final,Cobblestone;Bamboo,1.0;2.0,_,
2
Lectern,Final,Rabbit_Hide;Sugar_Cane;Oak_Planks;Oak_Slab,12.0;9.0;6.0;2.0,_,
4
Piston,Intermediate,Cobblestone;Iron_Ingot;Oak_Planks;Redstone_Dust,4.0;1.0;3.0;1.0,Sticky_Piston,1
Note_Block,Final,Oak_Planks;Redstone_Dust,7.0;1.0,_,
1
Hopper,Intermediate,Oak_Planks;Iron_Ingot,8.0;5.0,Minecart_with_Hopper,2
Polished_Blackstone_Pressure_Plate,Final,Polished_Blackstone,2.0,_,
1
Iron_Trapdoor,Final,Iron_Ingot,4.0,_,
1
Heavy_Weighted_Pressure_Plate,Final,Iron_Ingot,2.0,_,
1
Fishing_Rod,Intermediate,Bamboo;String,6.0;2.0,Warped_Fungus_on_a_Stick;Carrot_on_a_Stick,2
Flint_and_Steel,Final,Flint;Iron_Ingot,1.0;1.0,_,
1
Warped_Fungus_on_a_Stick,Final,Bamboo;String;Warped_Fungus,6.0;2.0;1.0,_,
3
Stone_Shovel,Final,Cobblestone;Bamboo,1.0;4.0,_,
2
Brush,Final,Copper_Ingot;Feather;Bamboo,1.0;1.0;2.0,_,
2
Hoe,Final,Oak_Planks;Bamboo,1.0;4.0,_,
2
Shovel,Final,Oak_Planks;Bamboo,1.0;4.0,_,
2
Pickaxe,Final,Oak_Planks;Bamboo,3.0;4.0,_,
2
Stone_Hoe,Final,Cobblestone;Bamboo,1.0;4.0,_,
2
Wooden_Axe,Final,Oak_Planks;Bamboo,3.0;4.0,_,
2
Stone_Pickaxe,Final,Cobblestone;Bamboo,2.0;4.0,_,
2
Carrot_on_a_Stick,Final,Carrot;Bamboo;String,1.0;6.0;2.0,_,
3
Axe,Final,Oak_Planks;Bamboo,3.0;4.0,_,
2
Shears,Final,Iron_Ingot,2.0,_,
1
Minecart_with_TNT,Final,Iron_Ingot;Gunpowder,5.0;5.0,_,
2
Minecart_with_Hopper,Final,Oak_Planks;Iron_Ingot,8.0;5.0,_,
2
Minecart_with_Furnace,Final,Cobblestone;Iron_Ingot,4.0;5.0,_,
2
Minecart_with_Chest,Final,Oak_Planks;Iron_Ingot,8.0;5.0,_,
2
Detector_Rail,Final,Iron_Ingot;Redstone_Dust;Stone,1.0;0.167;0.333,_,
2
Boat_with_Chest,Final,Oak_Planks,8.0,_,
2
Rail,Final,Iron_Ingot;Bamboo,0.375;0.125,_,
2
Oak_Boat,Intermediate,Oak_Planks,5.0,Boat_with_Chest,1
Powered_Rail,Final,Gold_Ingot;Redstone_Dust;Bamboo,1.0;0.167;0.333,_,
2
Minecart,Intermediate,Iron_Ingot,5.0,Minecart_with_TNT;Minecart_with_Chest;Minecart_with_Furnace;Minecart_with_Hopper,1
Activator_Rail,Final,Iron_Ingot;Redstone_Dust;Bamboo,1.0;0.167;0.667,_,
2
Spyglass,Final,Amethyst_Shard;Copper_Ingot,1.0;2.0,_,
1
Bundle,Final,Rabbit_Hide;String,4.0;1.0,_,
2
Clock,Final,Gold_Ingot;Redstone_Dust,4.0;1.0,_,
1
Compass,Intermediate,Iron_Ingot;Redstone_Dust,4.0;1.0,Recovery_Compass;Empty_Map,1
Lead,Final,Slimeball;String,0.5;2.0,_,
1
Recovery_Compass,Final,Iron_Ingot;Redstone_Dust;Echo_Shard,4.0;1.0;8.0,_,
2
Bucket,Final,Iron_Ingot,3.0,_,
1
